Food_Item,Category,Calories (kcal),Protein (g),Carbohydrates (g),Fat (g),Fiber (g),Sugars (g),Sodium (mg),Cholesterol (mg),Meal_Type,Water_Intake (ml),nutrition_id
Scrambled Eggs (2 large),Protein/Dairy,180,12.0,2.0,14.0,0.0,1.0,180,370,Breakfast,250,1
Whole Wheat Toast (1 slice),Grain,80,4.0,14.0,1.0,2.0,2.0,140,0,Breakfast,0,2
Coffee (black),Beverage,5,0.3,0.0,0.1,0.0,0.0,5,0,Breakfast,0,3
Banana,Fruit,105,1.3,27.0,0.4,3.1,14.0,1,0,Breakfast,0,4
Grilled Chicken Salad,Meal/Protein,350,30.0,10.0,20.0,5.0,4.0,400,80,Lunch,500,5
Apple,Fruit,95,0.5,25.0,0.3,4.4,19.0,2,0,Snack,0,6
Salmon (4oz grilled),Protein/Fish,230,25.0,0.0,14.0,0.0,0.0,60,60,Dinner,250,7
Quinoa (1 cup cooked),Grain,222,8.0,39.0,3.6,5.0,1.0,13,0,Dinner,0,8
Steamed Broccoli (1 cup),Vegetable,55,3.7,11.2,0.6,5.1,2.0,40,0,Dinner,0,9
Greek Yogurt (plain 1 cup),Dairy,150,25.0,8.0,3.0,0.0,7.0,85,10,Snack,250,10
Oatmeal (1 cup cooked),Grain,160,6.0,28.0,3.0,4.0,1.0,2,0,Breakfast,250,11
Blueberries (1/2 cup),Fruit,42,0.5,11.0,0.2,1.8,7.0,1,0,Breakfast,0,12
Almonds (1 oz),Nut,164,6.0,6.0,14.0,3.5,1.0,1,0,Snack,0,13
Turkey Sandwich (on wheat),Meal/Processed,340,22.0,34.0,12.0,5.0,6.0,850,50,Lunch,500,14
Carrot Sticks (1 cup),Vegetable,52,1.2,12.3,0.3,3.6,6.0,88,0,Snack,0,15
Spaghetti Bolognese,Meal/Pasta,460,20.0,55.0,18.0,6.0,10.0,700,50,Dinner,250,16
Side Salad (light dressing),Vegetable,70,2.0,8.0,4.0,3.0,3.0,150,0,Dinner,0,17
Protein Shake (Whey),Supplement,120,24.0,3.0,1.0,1.0,2.0,160,5,Snack,500,18
Cereal (Frosted Flakes 1 cup),Grain/Processed,130,2.0,31.0,0.0,1.0,11.0,190,0,Breakfast,0,19
Lentil Soup (1 can),Meal/Legume,230,15.0,35.0,3.0,12.0,6.0,650,0,Lunch,250,20
White Rice (1 cup cooked),Grain,204,4.2,44.5,0.4,0.6,0.1,2,0,Dinner,0,21
Tofu Stir-fry,Meal/Vegetarian,400,18.0,30.0,22.0,7.0,9.0,500,0,Dinner,250,22
Orange,Fruit,62,1.2,15.4,0.2,3.1,12.0,0,0,Snack,0,23
Bagel (plain),Grain,270,11.0,55.0,1.5,2.0,5.0,430,0,Breakfast,250,24
Cream Cheese (2 tbsp),Dairy,100,2.0,2.0,10.0,0.0,1.0,90,30,Breakfast,0,25
Tuna Salad (1/2 cup),Meal/Fish,190,19.0,2.0,12.0,1.0,1.0,400,30,Lunch,500,26
Crackers (5 whole wheat),Grain/Processed,90,2.0,14.0,3.0,2.0,0.0,180,0,Lunch,0,27
Beef Steak (6oz sirloin),Protein/Meat,270,42.0,0.0,10.0,0.0,0.0,90,115,Dinner,250,28
Baked Potato (medium),Vegetable,160,4.3,36.0,0.2,3.8,1.0,17,0,Dinner,0,29
Ice Cream (1/2 cup vanilla),Dairy/Dessert,145,2.5,17.0,7.5,0.5,16.0,55,30,Snack,0,30
Pizza (1 slice pepperoni),Meal/Processed,290,12.0,34.0,12.0,2.0,4.0,720,35,Dinner,250,31
Avocado Toast (1 slice),Meal/Vegetarian,260,7.0,28.0,15.0,10.0,1.0,350,0,Breakfast,500,32
Hard-Boiled Egg (1 large),Protein,78,6.3,0.6,5.3,0.0,0.5,62,187,Snack,0,33
Chicken Wrap (with tortilla),Meal/Processed,410,25.0,38.0,17.0,5.0,3.0,780,60,Lunch,250,34
Grapes (1 cup),Fruit,104,1.1,27.0,0.2,1.4,23.0,3,0,Snack,0,35
Cottage Cheese (1/2 cup),Dairy,90,12.0,5.0,3.0,0.0,4.0,400,10,Snack,0,36
Burger (cheeseburger),Meal/Processed,550,30.0,40.0,30.0,3.0,7.0,1100,90,Dinner,500,37
French Fries (medium),Vegetable/Processed,340,4.0,44.0,17.0,4.0,0.3,230,0,Dinner,0,38
Protein Bar,Supplement/Processed,210,20.0,22.0,7.0,6.0,1.0,180,5,Snack,500,39
Black Beans (1/2 cup),Legume,114,7.6,20.4,0.5,7.5,0.3,1,0,Lunch,0,40
Salsa (1/4 cup),Vegetable,20,0.8,4.5,0.1,1.0,3.0,250,0,Lunch,0,41
Chicken Noodle Soup (1 can),Meal/Processed,150,7.0,18.0,5.0,2.0,2.0,890,15,Lunch,250,42
Peanut Butter (2 tbsp),Nut,190,7.0,8.0,16.0,2.0,3.0,140,0,Snack,0,43
Celery Sticks (1 cup),Vegetable,14,0.6,3.0,0.2,1.4,1.2,77,0,Snack,0,44
Cod (4oz baked),Protein/Fish,95,20.0,0.0,0.8,0.0,0.0,95,55,Dinner,250,45
Green Beans (1 cup),Vegetable,31,1.8,7.0,0.2,2.7,3.3,6,0,Dinner,0,46
Chocolate Chip Cookie (1 large),Dessert,220,2.5,30.0,11.0,1.5,19.0,160,20,Snack,0,47
Shrimp (3oz steamed),Protein/Fish,84,20.0,0.2,0.2,0.0,0.0,100,161,Dinner,250,48
Pancakes (2 medium),Grain,180,5.0,30.0,5.0,1.0,6.0,450,25,Breakfast,0,49
Maple Syrup (2 tbsp),Condiment,104,0.0,27.0,0.0,0.0,24.0,2,0,Breakfast,0,50
Sausage Link (1 cooked),Protein/Meat,85,5.0,1.0,7.0,0.0,0.5,300,20,Breakfast,0,51
Smoothie (Fruit & Yogurt),Beverage/Meal,280,12.0,55.0,3.0,7.0,40.0,70,5,Breakfast,250,52
Tofu (4oz firm),Protein/Vegetarian,90,10.0,3.0,5.0,2.0,1.0,10,0,Lunch,0,53
Brown Rice (1 cup cooked),Grain,215,5.0,45.0,1.8,3.5,0.4,10,0,Lunch,0,54
Bell Pepper (1 medium red),Vegetable,31,1.2,6.0,0.3,2.1,4.2,4,0,Lunch,0,55
Hummus (2 tbsp),Legume,70,2.0,4.0,5.0,2.0,0.0,130,0,Snack,0,56
Pita Bread (1 whole wheat),Grain,170,6.0,35.0,1.5,5.0,2.0,320,0,Snack,0,57
Pork Chop (4oz grilled),Protein/Meat,220,30.0,0.0,10.0,0.0,0.0,70,85,Dinner,250,58
Mashed Potatoes (1 cup),Vegetable,230,4.0,35.0,8.0,3.0,2.0,350,15,Dinner,0,59
Corn (1 cup),Vegetable,132,4.7,30.0,1.8,3.6,8.9,2,0,Dinner,0,60
Soda (1 can Coke),Beverage,140,0.0,39.0,0.0,0.0,39.0,45,0,Snack,355,61
Pretzels (1 oz),Grain/Processed,110,3.0,23.0,1.0,1.0,1.0,450,0,Snack,0,62
Cheddar Cheese (1 oz),Dairy,115,7.0,1.0,9.5,0.0,0.5,180,30,Snack,0,63
Caesar Salad (with chicken),Meal/Protein,470,30.0,15.0,30.0,3.0,3.0,890,75,Lunch,250,64
Orange Juice (1 cup),Beverage,112,1.7,25.8,0.5,0.7,20.8,2,0,Breakfast,240,65
Bacon (2 slices cooked),Protein/Meat,86,6.0,0.2,6.8,0.0,0.1,330,18,Breakfast,0,66
Waffles (2 homemade),Grain,220,6.0,28.0,9.0,1.5,3.0,420,45,Breakfast,0,67
Pear,Fruit,101,0.6,27.0,0.2,5.5,16.0,2,0,Snack,0,68
Chicken Breast (4oz roasted),Protein/Meat,185,35.0,0.0,4.0,0.0,0.0,80,95,Lunch,500,69
Mixed Nuts (1/4 cup),Nut,200,6.0,8.0,18.0,3.0,2.0,1,0,Snack,0,70
Tilapia (4oz baked),Protein/Fish,110,22.0,0.0,2.5,0.0,0.0,50,50,Dinner,0,71
Asparagus (1 cup steamed),Vegetable,40,4.3,7.4,0.4,3.6,3.5,4,0,Dinner,0,72
Sweet Potato (1 medium baked),Vegetable,103,2.3,23.6,0.2,3.8,7.4,41,0,Dinner,0,73
Popcorn (3 cups air-popped),Grain,93,3.0,18.6,1.1,3.6,0.1,2,0,Snack,250,74
Raisins (1/4 cup),Fruit,130,1.3,34.0,0.2,1.6,25.0,5,0,Snack,0,75
Macaroni & Cheese (1 cup),Meal/Pasta,350,10.0,40.0,17.0,2.0,5.0,750,40,Lunch,250,76
Tomato Soup (1 can),Meal/Vegetable,170,4.0,25.0,6.0,4.0,15.0,900,10,Lunch,0,77
Grilled Cheese Sandwich,Meal/Processed,390,15.0,32.0,22.0,3.0,4.0,800,60,Lunch,0,78
Beef Tacos (2 hard shell),Meal/Meat,380,18.0,28.0,22.0,5.0,3.0,600,50,Dinner,500,79
Refried Beans (1/2 cup),Legume,115,7.0,19.0,1.0,6.0,1.0,480,0,Dinner,0,80
Guacamole (1/4 cup),Vegetable/Condiment,90,1.0,4.0,8.0,3.0,0.5,120,0,Dinner,0,81
Watermelon (1 cup diced),Fruit,46,0.9,11.5,0.2,0.6,9.4,2,0,Snack,0,82
English Muffin (whole wheat),Grain,134,6.0,26.0,1.0,4.4,1.0,210,0,Breakfast,250,83
Peanut Butter & Jelly Sandwich,Meal/Processed,390,12.0,50.0,17.0,5.0,20.0,450,0,Lunch,250,84
Clam Chowder (1 cup),Meal/Seafood,200,10.0,18.0,9.0,1.0,2.0,870,30,Lunch,0,85
Iced Tea (Sweetened 16oz),Beverage,180,0.0,46.0,0.0,0.0,46.0,15,0,Snack,500,86
Lasagna (1 serving meat),Meal/Pasta,350,20.0,30.0,17.0,4.0,7.0,850,55,Dinner,250,87
Garlic Bread (1 slice),Grain,150,4.0,18.0,7.0,1.0,1.0,310,0,Dinner,0,88
Chocolate Milk (1 cup),Beverage/Dairy,200,8.0,26.0,8.0,1.0,24.0,160,30,Snack,0,89
White Bread (1 slice),Grain,70,2.0,13.0,1.0,0.6,1.2,140,0,Breakfast,0,90
Jelly (1 tbsp grape),Condiment,50,0.0,13.0,0.0,0.1,12.0,5,0,Breakfast,0,91
Veggie Burger (1 patty),Protein/Vegetarian,120,11.0,10.0,4.0,5.0,1.0,350,0,Lunch,250,92
Bun (hamburger),Grain,140,4.0,26.0,2.0,1.0,4.0,260,0,Lunch,0,93
Ketchup (1 tbsp),Condiment,20,0.2,5.0,0.1,0.2,4.0,160,0,Lunch,0,94
Muffin (Blueberry 1 large),Grain/Dessert,380,5.0,55.0,16.0,2.0,30.0,350,50,Breakfast,250,95
Coffee (with cream/sugar),Beverage,50,0.5,5.0,3.0,0.0,4.5,10,10,Breakfast,250,96
Potato Chips (1 oz),Snack/Processed,160,2.0,15.0,10.0,1.0,0.5,170,0,Snack,0,97
Tzatziki Sauce (2 tbsp),Condiment/Dairy,30,1.5,2.0,2.0,0.0,1.5,100,5,Dinner,0,98
Scallops (3oz seared),Protein/Seafood,95,17.0,5.0,1.0,0.0,0.0,180,35,Dinner,0,99
Risotto (Mushroom 1 cup),Meal/Grain,250,7.0,35.0,9.0,3.0,3.0,600,20,Dinner,0,100
Caprese Salad,Meal/Vegetable,240,10.0,8.0,18.0,2.0,5.0,350,40,Lunch,250,101
Balsamic Vinaigrette (2 tbsp),Condiment,90,0.0,3.0,9.0,0.0,2.5,300,0,Lunch,0,102
Cherries (1 cup),Fruit,77,1.6,19.0,0.5,2.5,15.0,0,0,Snack,0,103
Turkey Bacon (2 slices),Protein/Meat,70,6.0,1.0,5.0,0.0,0.5,360,30,Breakfast,0,104
Grits (1 cup cooked),Grain,150,3.0,32.0,1.0,2.0,0.5,320,0,Breakfast,0,105
Butter (1 tbsp),Condiment/Dairy,100,0.1,0.0,11.0,0.0,0.0,82,30,Breakfast,0,106
Meatball Sub (6 inch),Meal/Processed,580,28.0,55.0,27.0,6.0,10.0,1200,70,Lunch,500,107
Kiwifruit (1 medium),Fruit,46,0.9,11.1,0.4,2.3,6.7,2,0,Snack,0,108
Beef Jerky (1 oz),Snack/Processed,116,9.4,3.1,7.2,0.5,2.5,590,30,Snack,0,109
Figs (2 medium),Fruit,74,0.6,19.2,0.3,2.9,16.2,2,0,Snack,0,110
Lobster (3oz steamed),Protein/Seafood,76,16.0,0.0,0.7,0.0,0.0,250,125,Dinner,250,111
Melted Butter (for lobster),Condiment,200,0.2,0.0,22.0,0.0,0.0,164,60,Dinner,0,112
Corn on the Cob (1 large),Vegetable,125,5.0,29.0,1.5,3.0,5.0,2,0,Dinner,0,113
Vegetable Soup (1 can),Meal/Vegetable,140,4.0,22.0,4.0,6.0,8.0,780,5,Lunch,250,114
Saltine Crackers (5 crackers),Grain/Processed,60,1.0,10.0,1.5,0.5,0.0,140,0,Lunch,0,115
Mango (1 cup slices),Fruit,99,1.4,24.7,0.6,2.6,22.5,2,0,Snack,0,116
Cheesecake (1 slice),Dessert,320,5.0,28.0,21.0,1.0,20.0,280,65,Snack,250,117
Pad Thai (Chicken 1.5 cups),Meal/Pasta,550,25.0,60.0,22.0,5.0,10.0,950,70,Dinner,500,118
Spring Roll (Veg 2 rolls),Snack/Processed,180,4.0,25.0,7.0,3.0,3.0,450,0,Dinner,0,119
Coconut Water (1 cup),Beverage,46,1.7,8.9,0.5,2.6,6.3,252,0,Snack,240,120
Kimchi (1/2 cup),Vegetable,22,1.7,4.0,0.4,2.4,1.5,750,0,Side,0,121
Sashimi (Salmon 3 pcs),Protein/Fish,120,18.0,0.0,5.0,0.0,0.0,45,40,Lunch,0,122
Wasabi (1 tsp),Condiment,10,0.1,2.2,0.1,0.3,1.0,40,0,Lunch,0,123
Seaweed Salad (1/2 cup),Vegetable,60,2.0,8.0,3.0,2.0,4.0,350,0,Lunch,0,124
French Onion Soup (1 cup),Meal,150,6.0,15.0,7.0,2.0,5.0,800,20,Lunch,250,125
Croutons (1/4 cup),Grain,50,1.5,7.0,2.0,0.5,0.5,140,0,Lunch,0,126
Shepherd's Pie (1 serving),Meal/Meat,400,20.0,35.0,20.0,6.0,7.0,850,55,Dinner,250,127
Green Peas (1/2 cup),Legume,62,4.1,11.1,0.2,4.4,4.2,2,0,Dinner,0,128
Apple Pie (1 slice),Dessert,410,3.0,58.0,19.0,3.0,25.0,320,0,Snack,0,129
Gin & Tonic (1 drink),Beverage,170,0.0,13.0,0.0,0.0,13.0,2,0,Snack,180,130
Red Wine (5 oz glass),Beverage,125,0.1,3.8,0.0,0.0,0.9,6,0,Dinner,0,131
Halibut (4oz baked),Protein/Fish,125,24.0,0.0,2.5,0.0,0.0,60,40,Dinner,250,132
Quinoa Salad (1 cup),Meal/Vegetarian,260,9.0,32.0,12.0,6.0,4.0,300,0,Lunch,250,133
Lemonade (1 cup),Beverage,99,0.1,26.0,0.0,0.1,25.0,30,0,Snack,240,134
Pistachios (1 oz shelled),Nut,159,5.7,7.7,12.8,3.0,2.2,2,0,Snack,0,135
Oat Milk (1 cup),Beverage/Dairy-Alt,120,3.0,16.0,5.0,2.0,7.0,100,0,Breakfast,0,136
Biscuits and Gravy (1 serving),Meal/Processed,480,10.0,45.0,28.0,2.0,3.0,1100,35,Breakfast,250,137
Avocado (1/2 fruit),Fruit,160,2.0,8.5,14.7,6.7,0.7,7,0,Breakfast,0,138
Corn Flakes (1 cup),Grain,100,2.0,24.0,0.0,1.0,3.0,200,0,Breakfast,0,139
T-Bone Steak (6oz),Protein/Meat,460,38.0,0.0,33.0,0.0,0.0,110,105,Dinner,0,140
Creamed Spinach (1/2 cup),Vegetable,190,5.0,8.0,16.0,3.0,2.0,450,50,Dinner,0,141
Pecans (1 oz),Nut,196,2.6,3.9,20.4,2.7,1.1,0,0,Snack,0,142
Fruit Cocktail (canned 1 cup),Fruit,110,1.0,28.0,0.0,2.0,26.0,10,0,Snack,0,143
Ramen (Instant 1 pack),Meal/Processed,380,9.0,53.0,14.0,2.0,2.0,1580,0,Lunch,500,144
Mocha Latte (16oz),Beverage,360,12.0,48.0,15.0,2.0,42.0,150,45,Snack,473,145
Cucumber Slices (1 cup),Vegetable,16,0.7,3.6,0.1,0.5,1.7,2,0,Snack,0,146
Feta Cheese (1 oz),Dairy,75,4.0,1.2,6.1,0.0,0.7,316,25,Lunch,0,147
Olives (Kalamata 5 large),Fruit,35,0.2,1.0,3.5,0.5,0.0,210,0,Lunch,0,148
Chicken Alfredo (1.5 cups),Meal/Pasta,680,35.0,45.0,38.0,4.0,5.0,980,120,Dinner,250,149
Breadstick (1 large),Grain,160,4.0,28.0,3.0,1.0,2.0,350,0,Dinner,0,150
Cobb Salad,Meal/Protein,510,30.0,12.0,38.0,7.0,6.0,800,210,Lunch,500,151
Blue Cheese Dressing (2 tbsp),Condiment,150,1.0,2.0,16.0,0.0,1.0,320,10,Lunch,0,152
Mandarin Orange (1 medium),Fruit,37,0.6,9.3,0.2,1.3,7.3,1,0,Snack,0,153
Cashews (1 oz roasted),Nut,163,4.3,9.2,13.1,0.9,1.4,140,0,Snack,0,154
Eggo Waffle (2 waffles),Grain/Processed,180,4.0,30.0,5.0,1.0,4.0,400,0,Breakfast,0,155
Diet Soda (1 can),Beverage,0,0.0,0.0,0.0,0.0,0.0,40,0,Lunch,355,156
Pulled Pork Sandwich,Meal/Meat,480,25.0,48.0,20.0,3.0,15.0,900,75,Lunch,250,157
Macadamia Nuts (1 oz),Nut,204,2.2,3.9,21.5,2.4,1.3,1,0,Snack,0,158
Crab Cakes (2 medium),Meal/Seafood,340,20.0,18.0,20.0,1.0,2.0,700,120,Dinner,250,159
Tartar Sauce (2 tbsp),Condiment,60,0.2,2.0,5.5,0.1,1.5,180,5,Dinner,0,160
Lemon Bar (1 square),Dessert,150,1.5,22.0,6.0,0.5,15.0,80,30,Snack,0,161
Almond Milk (Unsweetened 1 cup),Beverage/Dairy-Alt,30,1.0,1.0,2.5,1.0,0.0,160,0,Breakfast,240,162
Rice Krispies (1.5 cups),Grain,160,3.0,37.0,0.5,0.5,4.0,290,0,Breakfast,0,163
Sugar (1 tsp for cereal),Condiment,16,0.0,4.0,0.0,0.0,4.0,0,0,Breakfast,0,164
Tuna (Canned 3oz in water),Protein/Fish,90,20.0,0.0,1.0,0.0,0.0,250,35,Lunch,0,165
Mayonnaise (1 tbsp),Condiment,90,0.1,0.1,10.0,0.0,0.1,70,5,Lunch,0,166
Pickle (1 spear dill),Vegetable,5,0.2,1.0,0.1,0.3,0.5,300,0,Lunch,0,167
Lobster Bisque (1 cup),Meal/Seafood,250,8.0,12.0,18.0,1.0,3.0,850,50,Lunch,250,168
Reuben Sandwich,Meal/Processed,650,28.0,35.0,40.0,5.0,6.0,1500,100,Lunch,500,169
Sauerkraut (1/4 cup side),Vegetable,7,0.3,1.5,0.0,1.0,0.6,234,0,Lunch,0,170
Mushroom (White 1 cup sliced),Vegetable,15,2.2,2.3,0.2,0.7,1.4,4,0,Dinner,0,171
Soy Milk (Original 1 cup),Beverage/Dairy-Alt,110,8.0,9.0,4.5,2.0,6.0,125,0,Breakfast,240,172
Chicken Tikka Masala (1.5 cups),Meal/Meat,480,30.0,20.0,30.0,5.0,8.0,900,95,Dinner,250,173
Naan Bread (1 piece),Grain,260,8.0,45.0,5.0,2.0,3.0,450,10,Dinner,0,174
Cucumber Salad (1/2 cup),Vegetable,40,1.0,5.0,2.0,1.0,4.0,200,0,Dinner,0,175
Vodka Soda (1 drink),Beverage,100,0.0,0.0,0.0,0.0,0.0,5,0,Snack,180,176
Chocolate Croissant,Dessert,350,6.0,40.0,19.0,3.0,15.0,300,40,Breakfast,250,177
Sweet & Sour Chicken (1 cup),Meal/Processed,380,18.0,45.0,15.0,3.0,25.0,750,50,Dinner,0,178
Egg Drop Soup (1 cup),Meal/Vegetable,65,5.0,6.0,2.0,0.5,1.0,780,50,Dinner,0,179
String Cheese (1 stick),Dairy,80,6.0,1.0,6.0,0.0,0.0,210,20,Snack,0,180
Turkey Burger (1 patty),Protein/Meat,160,22.0,2.0,8.0,0.0,1.0,400,70,Lunch,250,181
Potato Salad (1/2 cup),Meal/Vegetable,180,2.0,19.0,11.0,2.0,3.0,500,10,Lunch,0,182
Cranberry Juice (1 cup),Beverage,130,0.0,33.0,0.0,0.0,30.0,10,0,Breakfast,240,183
Chicken Piccata (1 serving),Meal/Meat,350,30.0,10.0,20.0,1.0,2.0,600,90,Dinner,250,184
Angel Hair Pasta (1 cup),Grain,200,7.0,42.0,1.0,2.0,1.0,1,0,Dinner,0,185
Olive Oil (1 tbsp),Condiment,120,0.0,0.0,14.0,0.0,0.0,0,0,Dinner,0,186
Garlic (1 clove),Vegetable,4,0.2,0.9,0.0,0.1,0.0,1,0,Dinner,0,187
Salami (3 slices),Protein/Processed,110,6.0,1.0,9.0,0.0,0.5,500,30,Snack,0,188
Provolone Cheese (1 slice),Dairy,100,7.0,1.0,8.0,0.0,0.5,250,20,Snack,0,189
Ginger Ale (1 can),Beverage,124,0.0,32.0,0.0,0.0,31.0,40,0,Snack,355,190
Shrimp Scampi (1 cup),Meal/Seafood,380,22.0,40.0,15.0,3.0,3.0,750,140,Dinner,0,191
Tiramisu (1 slice),Dessert,450,7.0,42.0,28.0,2.0,25.0,150,180,Snack,250,192
Cereal Bar (Fruit),Snack/Processed,140,2.0,30.0,3.0,1.0,15.0,110,0,Breakfast,250,193
Veal Parmesan (1 serving),Meal/Meat,550,40.0,30.0,30.0,4.0,7.0,1100,130,Dinner,250,194
Spaghetti (side),Grain,100,3.5,21.0,0.5,1.0,0.5,0,0,Dinner,0,195
Hot Chocolate (1 cup),Beverage,200,3.0,30.0,8.0,2.0,25.0,160,10,Snack,240,196
Coconut Shrimp (5 pcs),Meal/Seafood,320,10.0,25.0,20.0,3.0,8.0,600,80,Dinner,0,197
Sweet Chili Sauce (2 tbsp),Condiment,70,0.0,17.0,0.0,0.5,16.0,450,0,Dinner,0,198
White Wine (5 oz glass),Beverage,121,0.1,3.8,0.0,0.0,1.4,5,0,Dinner,0,199
Trail Mix (1/4 cup),Snack/Processed,190,5.0,20.0,12.0,3.0,14.0,50,0,Snack,250,200
Onion Rings (6 rings),Snack/Processed,280,4.0,30.0,16.0,3.0,4.0,500,0,Snack,0,201
Poached Egg (1 large),Protein,72,6.3,0.4,4.8,0.0,0.4,140,185,Breakfast,0,202
Canadian Bacon (2 slices),Protein/Meat,80,12.0,1.0,3.0,0.0,1.0,650,40,Breakfast,0,203
Eggs Benedict (1 serving),Meal/Protein,600,25.0,30.0,40.0,3.0,4.0,1100,450,Breakfast,250,204
Hollandaise Sauce (2 tbsp),Condiment,110,1.0,0.5,12.0,0.0,0.2,150,50,Breakfast,0,205
Spinach Artichoke Dip (1/4 cup),Snack/Processed,160,5.0,6.0,14.0,2.0,2.0,350,30,Snack,0,206
Tortilla Chips (1 oz),Snack/Processed,140,2.0,19.0,7.0,2.0,0.5,120,0,Snack,0,207
Chicken Kebab (2 skewers),Meal/Meat,280,30.0,8.0,14.0,3.0,4.0,500,85,Dinner,250,208
Bell Peppers & Onions (sautéed),Vegetable,60,1.5,10.0,2.0,3.0,6.0,30,0,Dinner,0,209
Hummus Wrap (large),Meal/Vegetarian,450,15.0,60.0,18.0,12.0,5.0,800,0,Lunch,500,210
Kombucha (1 cup),Beverage,30,0.0,7.0,0.0,0.0,6.0,10,0,Snack,240,211
Beef Stroganoff (1.5 cups),Meal/Pasta,550,30.0,40.0,28.0,4.0,6.0,900,100,Dinner,0,212
Egg Noodles (1 cup cooked),Grain,220,8.0,40.0,3.0,2.0,2.0,20,50,Dinner,0,213
Cottage Cheese (1 cup low fat),Dairy,160,28.0,6.0,2.5,0.0,4.0,820,10,Lunch,250,214
Tomato (1 medium sliced),Vegetable,22,1.1,4.8,0.2,1.5,3.2,6,0,Lunch,0,215
Black Pepper (1 tsp),Condiment,6,0.2,1.5,0.1,0.6,0.0,0,0,Lunch,0,216
Chocolate Pudding (1/2 cup),Dessert,150,2.0,28.0,4.0,2.0,22.0,130,2,Snack,0,217
Mackerel (3oz cooked),Protein/Fish,175,16.0,0.0,12.0,0.0,0.0,75,65,Dinner,0,218
Collard Greens (1 cup cooked),Vegetable,60,5.0,10.0,1.0,7.0,1.0,40,0,Dinner,0,219
Ham (3oz deli sliced),Protein/Meat,110,16.0,2.0,4.0,0.0,1.5,950,45,Lunch,0,220
Swiss Cheese (1 slice),Dairy,106,7.6,1.0,8.0,0.0,0.4,54,26,Lunch,0,221
Rye Bread (1 slice),Grain,83,2.7,15.5,1.1,1.9,1.2,170,0,Lunch,0,222
Potato Leek Soup (1 cup),Meal/Vegetable,180,4.0,25.0,7.0,3.0,4.0,650,15,Lunch,250,223
Brie Cheese (1 oz),Dairy,95,6.0,0.1,7.9,0.0,0.1,178,28,Snack,0,224
Water Cracker (5 crackers),Grain/Processed,70,1.5,12.0,1.5,0.5,0.0,150,0,Snack,0,225
Grapefruit (1/2 medium),Fruit,52,1.1,13.2,0.2,2.0,8.5,0,0,Breakfast,0,226
Veggie Straws (1 oz),Snack/Processed,130,1.0,17.0,7.0,1.0,1.0,220,0,Snack,0,227
Fish Tacos (2 tacos),Meal/Fish,420,25.0,40.0,18.0,6.0,5.0,700,60,Dinner,500,228
Cabbage Slaw (side),Vegetable,60,1.0,8.0,3.0,2.0,5.0,120,5,Dinner,0,229
Lime (juice of 1),Condiment,11,0.2,3.7,0.0,0.4,0.7,1,0,Dinner,0,230
Beer (12 oz light),Beverage,103,0.9,5.8,0.0,0.0,0.3,10,0,Snack,355,231
Danish (Cheese 1 medium),Dessert,340,7.0,38.0,18.0,2.0,16.0,300,55,Breakfast,250,232
Kefir (Plain 1 cup),Beverage/Dairy,104,10.0,10.0,2.5,0.0,9.0,100,10,Breakfast,240,233
Gnocchi (1 cup),Meal/Pasta,210,4.5,45.0,1.5,3.0,2.0,480,0,Dinner,0,234
Pesto Sauce (1/4 cup),Condiment,260,5.0,4.0,26.0,2.0,1.0,550,5,Dinner,0,235
Pine Nuts (1 tbsp),Nut,95,2.0,2.0,10.0,0.5,0.5,0,0,Dinner,0,236
Chai Latte (12 oz),Beverage,190,7.0,32.0,4.0,1.0,30.0,105,15,Snack,355,237
Manicotti (2 shells cheese),Meal/Pasta,380,20.0,35.0,18.0,4.0,7.0,650,60,Dinner,0,238
Italian Sausage (1 link),Protein/Meat,200,12.0,3.0,16.0,0.0,1.0,550,50,Dinner,0,239
Jicama (1 cup sticks),Vegetable,46,0.9,10.6,0.1,5.8,2.1,5,0,Snack,0,240
Chili Powder (1 tsp),Condiment,8,0.3,1.4,0.4,0.9,0.2,10,0,Snack,0,241
Ants on a Log (4 pcs),Snack,180,6.0,12.0,12.0,3.0,7.0,120,0,Snack,250,242
Split Pea Soup (1 cup),Meal/Legume,180,11.0,30.0,2.0,10.0,6.0,700,5,Lunch,250,243
Ham & Cheese Croissant,Meal/Processed,400,15.0,35.0,22.0,2.0,6.0,750,60,Breakfast,250,244
Espresso (double shot),Beverage,5,0.5,0.0,0.1,0.0,0.0,1,0,Breakfast,60,245
Ricotta Cheese (1/4 cup),Dairy,85,5.5,2.5,6.0,0.0,1.0,50,24,Dinner,0,246
Chicken & Rice Soup (1 can),Meal/Processed,130,7.0,18.0,3.0,2.0,2.0,850,15,Lunch,250,247
Salt (1/4 tsp),Condiment,0,0.0,0.0,0.0,0.0,0.0,580,0,Dinner,0,248
Guava,Fruit,68,2.6,14.3,0.9,5.4,8.9,3,0,Snack,0,249
Club Sandwich,Meal/Processed,580,35.0,40.0,30.0,5.0,7.0,1300,95,Lunch,500,250
Pickle (1 whole dill),Vegetable,17,0.8,3.7,0.2,1.5,1.7,1200,0,Snack,0,251
Turkey Chili (1 cup),Meal/Meat,250,22.0,25.0,7.0,8.0,6.0,750,50,Dinner,250,252
Sour Cream (2 tbsp),Condiment/Dairy,60,0.8,1.3,5.8,0.0,0.8,25,12,Dinner,0,253
Shredded Cheese (Cheddar 1/4 cup),Dairy,115,7.0,1.0,9.5,0.0,0.5,180,30,Dinner,0,254
Matcha Latte (12 oz),Beverage,180,6.0,28.0,5.0,2.0,25.0,90,20,Snack,355,255
Chocolate Donut (1 medium),Dessert,300,4.0,35.0,17.0,2.0,18.0,230,20,Breakfast,0,256
Tuna Melt,Meal/Processed,450,25.0,32.0,25.0,3.0,4.0,900,50,Lunch,250,257
Apple Cider (1 cup),Beverage,117,0.1,29.0,0.3,0.5,27.0,10,0,Snack,240,258
Beef Burrito (large),Meal/Processed,650,30.0,70.0,28.0,10.0,5.0,1400,70,Dinner,500,259
Pico de Gallo (1/4 cup),Condiment,15,0.5,3.0,0.0,1.0,2.0,200,0,Dinner,0,260
Corn Tortilla (1 medium),Grain,52,1.4,11.2,0.7,1.5,0.2,4,0,Dinner,0,261
Mussels (3oz steamed),Protein/Seafood,146,20.0,6.0,4.0,0.0,0.0,310,48,Dinner,0,262
White Wine Sauce (1/4 cup),Condiment,80,1.0,4.0,6.0,0.5,2.0,300,5,Dinner,0,263
French Bread (2 slices),Grain,180,6.0,36.0,1.0,2.0,2.0,380,0,Dinner,0,264
Blackberries (1 cup),Fruit,62,2.0,13.8,0.7,7.6,4.9,1,0,Snack,0,265
Cheese Danish,Dessert,340,7.0,38.0,18.0,2.0,16.0,300,55,Breakfast,250,266
Chicken Salad Sandwich,Meal/Processed,420,20.0,35.0,20.0,3.0,5.0,850,60,Lunch,250,267
Soyrizo (2 oz),Protein/Vegetarian,140,10.0,6.0,9.0,3.0,2.0,450,0,Breakfast,0,268
Hash Browns (1 cup),Vegetable,330,3.0,38.0,19.0,3.0,1.0,550,0,Breakfast,0,269
Ketchup (1 packet),Condiment,10,0.1,2.5,0.0,0.1,2.0,90,0,Breakfast,0,270
Philly Cheesesteak (6 inch),Meal/Processed,500,25.0,40.0,28.0,3.0,5.0,1100,70,Lunch,500,271
Cheese Whiz (2 tbsp),Condiment/Processed,90,4.0,3.0,7.0,0.0,2.0,540,20,Lunch,0,272
Onions (sautéed 1/4 cup),Vegetable,30,0.5,5.0,1.0,1.0,3.0,5,0,Lunch,0,273
Raspberries (1 cup),Fruit,64,1.5,14.7,0.8,8.0,5.4,1,0,Snack,0,274
Cheesy Grits (1 cup),Meal/Grain,210,6.0,34.0,6.0,2.0,1.0,550,20,Breakfast,0,275
Collard Greens (with ham hock),Vegetable,180,10.0,15.0,9.0,8.0,3.0,600,30,Dinner,0,276
Fried Okra (1 cup),Vegetable,220,4.0,25.0,12.0,5.0,3.0,450,10,Dinner,0,277
Sweet Tea (16 oz),Beverage,180,0.0,46.0,0.0,0.0,46.0,15,0,Lunch,473,278
Gyro (1 sandwich),Meal/Meat,600,25.0,55.0,30.0,5.0,6.0,1200,80,Dinner,250,279
Pita Bread (White 1 large),Grain,220,7.0,45.0,2.0,2.0,2.0,440,0,Dinner,0,280
Tzatziki Sauce (2 tbsp),Condiment,30,1.5,2.0,2.0,0.0,1.5,100,5,Dinner,0,281
Baklava (1 piece),Dessert,280,3.0,30.0,18.0,2.0,20.0,80,10,Snack,0,282
Coconut (shredded 1/4 cup),Fruit,110,1.0,4.5,10.5,2.0,1.5,3,0,Snack,0,283
S'more (1 serving),Dessert,140,2.0,25.0,4.0,1.0,15.0,90,0,Snack,0,284
Graham Cracker (1 large rectangle),Grain/Processed,60,1.0,11.0,1.5,0.5,4.0,70,0,Snack,0,285
Marshmallow (1 large),Dessert,23,0.1,5.8,0.0,0.0,4.0,5,0,Snack,0,286
Chocolate (Hershey's bar 1 segment),Dessert,25,0.3,3.0,1.5,0.2,2.8,4,1,Snack,0,287
Chicken Parm Sandwich,Meal/Processed,650,40.0,55.0,30.0,6.0,9.0,1400,100,Lunch,500,288
Mozzarella (1 slice),Dairy,80,6.0,1.0,6.0,0.0,0.5,150,20,Lunch,0,289
Bread Roll (hoagie),Grain,200,6.0,38.0,2.0,2.0,3.0,400,0,Lunch,0,290
Artichoke (1 medium steamed),Vegetable,60,4.2,13.4,0.2,6.9,1.2,112,0,Dinner,0,291
Mayonnaise (1 tbsp for dipping),Condiment,90,0.1,0.1,10.0,0.0,0.1,70,5,Dinner,0,292
Calamari (fried 3oz),Meal/Seafood,150,13.0,8.0,7.0,1.0,1.0,600,220,Dinner,0,293
Lemon Wedge (for calamari),Condiment,3,0.1,1.0,0.0,0.3,0.2,0,0,Dinner,0,294
Root Beer (1 can),Beverage,150,0.0,40.0,0.0,0.0,40.0,55,0,Snack,355,295
Chicken McNuggets (6 pcs),Meal/Processed,270,15.0,16.0,16.0,1.0,0.0,500,40,Lunch,0,296
BBQ Sauce (2 tbsp),Condiment,60,0.5,15.0,0.0,0.5,12.0,350,0,Lunch,0,297
Honey (1 tbsp),Condiment,64,0.1,17.3,0.0,0.0,17.2,1,0,Breakfast,0,298
Tofu Scramble,Meal/Vegetarian,250,20.0,8.0,16.0,4.0,3.0,300,0,Breakfast,250,299
Turmeric (1 tsp),Condiment,9,0.3,1.9,0.1,0.7,0.1,1,0,Breakfast,0,300
Nutritional Yeast (1 tbsp),Condiment,20,3.0,2.0,0.0,1.0,0.0,10,0,Breakfast,0,301
Seitan (3oz),Protein/Vegetarian,90,18.0,4.0,1.0,1.0,1.0,300,0,Dinner,0,302
Vegetable Broth (1 cup),Beverage,15,1.0,3.0,0.0,1.0,2.0,550,0,Dinner,240,303
Mashed Cauliflower (1 cup),Vegetable,140,5.0,12.0,8.0,5.0,4.0,400,25,Dinner,0,304
Peanut Sauce (2 tbsp),Condiment,80,2.0,4.0,6.0,1.0,3.0,250,0,Dinner,0,305
Tempeh (3oz),Protein/Vegetarian,160,16.0,8.0,9.0,5.0,0.0,10,0,Lunch,0,306
Sauerkraut (1/2 cup),Vegetable,14,0.7,3.1,0.1,2.0,1.2,468,0,Lunch,0,307
Rye Crispbread (2 slices),Grain,70,2.0,14.0,0.5,3.0,0.0,120,0,Lunch,0,308
Capers (1 tbsp),Condiment,2,0.2,0.4,0.1,0.3,0.1,200,0,Dinner,0,309
Chicken Liver (2 oz cooked),Protein/Meat,91,13.6,0.6,3.6,0.0,0.0,50,320,Dinner,0,310
Onion (1/2 cup raw chopped),Vegetable,32,0.9,7.5,0.1,1.4,3.8,3,0,Dinner,0,311
Bok Choy (1 cup steamed),Vegetable,10,1.5,2.0,0.1,1.0,1.0,40,0,Dinner,0,312
Gummy Bears (10 pcs),Snack/Dessert,100,2.0,22.0,0.0,0.0,15.0,10,0,Snack,0,313
Whiskey (1.5 oz shot),Beverage,105,0.0,0.1,0.0,0.0,0.1,1,0,Snack,0,314
Dates (2 medium Medjool),Fruit,133,0.8,36.0,0.1,3.2,32.0,1,0,Snack,0,315
Tahini (1 tbsp),Condiment,89,2.6,3.2,8.0,1.4,0.1,17,0,Snack,0,316
Chickpeas (1/2 cup canned),Legume,135,7.0,22.0,2.0,6.0,3.0,250,0,Lunch,0,317
Lettuce (Romaine 2 cups),Vegetable,16,1.0,3.0,0.3,2.0,1.0,10,0,Lunch,0,318
Italian Dressing (2 tbsp),Condiment,70,0.0,3.0,7.0,0.0,2.0,300,0,Lunch,0,319
Turkey Sausage (1 patty),Protein/Meat,70,9.0,1.0,4.0,0.0,0.5,280,35,Breakfast,0,320
Maple Syrup (1 tbsp),Condiment,52,0.0,13.5,0.0,0.0,12.0,1,0,Breakfast,0,321
Quesadilla (Cheese 1 medium),Meal/Processed,400,18.0,35.0,22.0,3.0,2.0,700,50,Lunch,250,322
Sour Cream (1 tbsp),Condiment/Dairy,30,0.4,0.6,2.9,0.0,0.4,12,6,Lunch,0,323
Salsa (2 tbsp),Condiment,10,0.5,2.0,0.0,0.5,1.0,120,0,Lunch,0,324
Red Cabbage (1 cup raw),Vegetable,22,1.1,5.2,0.1,1.6,2.8,8,0,Dinner,0,325
Duck (3oz roasted),Protein/Meat,285,16.0,0.0,24.0,0.0,0.0,65,72,Dinner,0,326
Orange Sauce (1/4 cup for duck),Condiment,90,0.5,22.0,0.0,0.5,20.0,200,0,Dinner,0,327
Wild Rice (1 cup cooked),Grain,166,6.5,35.0,0.6,3.0,1.2,5,0,Dinner,0,328
Cupcake (Vanilla 1 medium),Dessert,240,2.0,35.0,11.0,1.0,25.0,200,30,Snack,0,329
Frosting (Vanilla 2 tbsp),Condiment,140,0.0,22.0,6.0,0.0,22.0,65,0,Snack,0,330
Hot Sauce (1 tsp Tabasco),Condiment,0,0.0,0.0,0.0,0.0,0.0,35,0,Breakfast,0,331
Bison Burger (1 patty),Protein/Meat,150,22.0,0.0,7.0,0.0,0.0,65,70,Lunch,250,332
Pretzel Bun (1 medium),Grain,230,8.0,45.0,2.0,2.0,4.0,550,0,Lunch,0,333
Spicy Mustard (1 tbsp),Condiment,10,0.5,1.0,0.5,0.5,0.0,120,0,Lunch,0,334
Pasta Salad (1 cup),Meal/Pasta,280,8.0,30.0,14.0,4.0,5.0,450,10,Lunch,0,335
Salami (3 slices),Protein/Processed,110,6.0,1.0,9.0,0.0,0.5,500,30,Lunch,0,336
Pepperoncini (2 peppers),Vegetable,10,0.5,2.0,0.0,1.0,1.0,350,0,Lunch,0,337
Coconut Milk (1/4 cup canned),Condiment,111,1.1,2.9,11.6,0.5,1.5,8,0,Dinner,0,338
Green Curry Paste (1 tbsp),Condiment,30,0.5,2.0,2.5,1.0,1.0,400,0,Dinner,0,339
Chicken Thigh (1 roasted),Protein/Meat,210,24.0,0.0,13.0,0.0,0.0,90,120,Dinner,0,340
Jasmine Rice (1 cup cooked),Grain,205,4.3,45.0,0.4,0.6,0.0,2,0,Dinner,0,341
Thai Iced Tea (1 glass),Beverage,250,3.0,35.0,12.0,0.0,33.0,50,35,Snack,300,342
Papaya (1 cup cubes),Fruit,62,0.6,15.7,0.4,2.5,11.0,12,0,Snack,0,343
Lime Juice (1 tbsp),Condiment,4,0.1,1.3,0.0,0.1,0.2,0,0,Snack,0,344
Macaroni Salad (1 cup),Meal/Pasta,380,8.0,30.0,25.0,3.0,6.0,750,20,Lunch,0,345
Celery (1 stalk),Vegetable,6,0.3,1.2,0.1,0.6,0.5,32,0,Lunch,0,346
Blue Cheese (1 oz),Dairy,100,6.0,0.7,8.0,0.0,0.1,325,21,Snack,0,347
Dark Chocolate (1 oz 70%),Dessert,170,2.2,13.0,12.0,3.0,7.0,5,0,Snack,0,348
Acai Bowl (1 serving),Meal/Fruit,350,5.0,60.0,12.0,10.0,30.0,40,0,Breakfast,250,349
Granola (1/4 cup topping),Grain,120,3.0,15.0,6.0,3.0,7.0,20,0,Breakfast,0,350
Coconut Flakes (1 tbsp topping),Fruit,35,0.3,1.5,3.3,0.7,0.5,1,0,Breakfast,0,351
Honey (1 tsp drizzle),Condiment,21,0.0,5.8,0.0,0.0,5.8,0,0,Breakfast,0,352
Shrimp Cocktail (4 large shrimp),Protein/Seafood,60,10.0,1.0,1.0,0.0,0.5,300,110,Snack,0,353
Cocktail Sauce (2 tbsp),Condiment,30,0.5,7.0,0.0,0.5,5.0,450,0,Snack,0,354
Pork Bun (1 steamed),Meal/Processed,220,8.0,30.0,8.0,2.0,6.0,400,20,Lunch,0,355
Dim Sum (Siu Mai 3 pcs),Meal/Processed,180,12.0,10.0,10.0,2.0,1.0,550,60,Lunch,0,356
Soy Sauce (1 tbsp for dipping),Condiment,9,1.0,1.0,0.0,0.1,0.4,920,0,Lunch,0,357
Oyster (1 medium raw),Protein/Seafood,8,1.0,0.5,0.2,0.0,0.0,50,10,Dinner,0,358
Mignonette Sauce (1 tbsp),Condiment,5,0.0,1.0,0.0,0.0,0.5,30,0,Dinner,0,359
Beef Pho (1 large bowl),Meal/Soup,450,30.0,55.0,12.0,4.0,5.0,1500,60,Dinner,500,360
Bean Sprouts (1/4 cup garnish),Vegetable,8,0.8,1.5,0.1,0.4,1.0,1,0,Dinner,0,361
Thai Basil (garnish),Condiment,1,0.1,0.0,0.0,0.0,0.0,0,0,Dinner,0,362
Lime Wedge (garnish),Condiment,3,0.1,1.0,0.0,0.3,0.2,0,0,Dinner,0,363
Jalapeno (1 tbsp sliced),Vegetable,4,0.1,0.8,0.1,0.4,0.5,1,0,Dinner,0,364
Hoisin Sauce (1 tbsp),Condiment,35,0.3,8.0,0.2,0.1,5.0,220,0,Dinner,0,365
Sriracha (1 tsp),Condiment,5,0.1,1.0,0.1,0.1,0.8,80,0,Dinner,0,366
Crepe (1 plain),Grain,90,3.5,14.0,2.0,0.5,3.0,100,25,Breakfast,0,367
Nutella (1 tbsp),Condiment,100,1.5,11.0,6.0,1.0,10.0,10,0,Breakfast,0,368
Powdered Sugar (1 tsp),Condiment,10,0.0,2.5,0.0,0.0,2.5,0,0,Breakfast,0,369
Sake (3 oz),Beverage,117,0.4,3.8,0.0,0.0,0.0,4,0,Dinner,0,370
Edamame (in pod 1 cup),Legume,120,11.0,9.0,5.0,5.0,2.0,9,0,Snack,250,371
Sea Salt (coarse 1/4 tsp),Condiment,0,0.0,0.0,0.0,0.0,0.0,550,0,Snack,0,372
Biryani (Chicken 1.5 cups),Meal/Meat,520,28.0,60.0,18.0,5.0,6.0,900,75,Dinner,0,373
Raita (2 tbsp),Condiment/Dairy,30,1.0,2.0,2.0,0.5,1.5,100,5,Dinner,0,374
Lassi (Mango 1 cup),Beverage,180,5.0,30.0,4.0,1.0,28.0,60,15,Snack,240,375
Samosa (1 piece vegetable),Snack/Processed,130,2.0,18.0,6.0,2.0,1.0,300,0,Snack,0,376
Tamarind Chutney (1 tbsp),Condiment,20,0.1,5.0,0.0,0.5,4.0,120,0,Snack,0,377
Mint Chutney (1 tbsp),Condiment,5,0.2,0.5,0.0,0.3,0.2,150,0,Snack,0,378
Pani Puri (6 pcs),Snack/Processed,200,4.0,35.0,5.0,3.0,2.0,400,0,Snack,0,379
Passion Fruit (1 fruit),Fruit,17,0.4,4.2,0.1,1.9,2.0,5,0,Snack,0,380
Kimchi Jjigae (1 bowl),Meal/Soup,350,15.0,20.0,22.0,5.0,6.0,1200,30,Dinner,500,381
Silken Tofu (3oz in soup),Protein/Vegetarian,45,5.0,2.0,2.5,0.5,1.0,5,0,Dinner,0,382
Pork Belly (1 oz in soup),Protein/Meat,145,3.0,0.0,15.0,0.0,0.0,150,20,Dinner,0,383
Gochugaru (1 tsp),Condiment,10,0.3,1.8,0.3,0.5,0.3,1,0,Dinner,0,384
Gochujang (1 tbsp),Condiment,30,0.5,6.0,0.0,0.5,4.0,200,0,Dinner,0,385
Sesame Oil (1 tsp),Condiment,40,0.0,0.0,4.5,0.0,0.0,0,0,Dinner,0,386
Fish Sauce (1 tsp),Condiment,5,0.4,0.5,0.0,0.0,0.4,450,0,Dinner,0,387
Green Onion (1 tbsp garnish),Vegetable,3,0.2,0.7,0.0,0.2,0.2,0,0,Dinner,0,388
Kombucha (16 oz),Beverage,60,0.0,14.0,0.0,0.0,12.0,20,0,Snack,473,389
Beef Wellington (1 slice),Meal/Meat,600,30.0,35.0,38.0,4.0,4.0,850,100,Dinner,0,390
Pate (Mushroom 2 tbsp),Condiment,70,1.0,2.0,7.0,1.0,1.0,100,0,Dinner,0,391
Puff Pastry (1 oz wrapper),Grain,115,1.5,9.0,8.0,0.5,0.0,100,0,Dinner,0,392
Prosciutto (1 slice),Protein/Meat,35,4.0,0.0,2.5,0.0,0.0,280,10,Dinner,0,393
Asparagus (6 spears roasted),Vegetable,40,4.0,4.0,2.0,3.0,2.0,150,0,Dinner,0,394
Hollandaise Sauce (1 tbsp),Condiment,55,0.5,0.2,6.0,0.0,0.1,75,25,Dinner,0,395
Flan (1 slice),Dessert,220,6.0,35.0,7.0,0.0,33.0,80,90,Snack,0,396
Caramel Sauce (1 tbsp),Condiment,60,0.0,13.0,1.0,0.0,12.0,30,5,Snack,0,397
Congee (1 cup plain),Meal/Grain,130,2.5,28.0,1.0,1.0,0.5,300,0,Breakfast,0,398
Pickled Radish (1/4 cup),Vegetable,15,0.5,3.0,0.0,1.0,2.0,250,0,Breakfast,0,399
Pork Floss (1 tbsp),Protein/Meat,50,4.0,3.0,2.0,0.0,2.5,150,10,Breakfast,0,400
Century Egg (1 egg),Protein,100,7.0,1.0,7.0,0.0,0.5,300,200,Breakfast,0,401
Arugula (2 cups),Vegetable,10,1.0,0.8,0.2,0.4,0.4,6,0,Lunch,0,402
Goat Cheese (1 oz),Dairy,103,6.1,0.1,8.5,0.0,0.1,146,22,Lunch,0,403
Beets (1/2 cup roasted),Vegetable,30,0.8,6.8,0.1,1.4,5.8,50,0,Lunch,0,404
Walnuts (1 tbsp chopped),Nut,46,1.1,1.0,4.6,0.5,0.2,0,0,Lunch,0,405
Balsamic Glaze (1 tbsp),Condiment,40,0.0,9.0,0.0,0.0,8.0,10,0,Lunch,0,406
Bobotie (1 serving),Meal/Meat,450,25.0,30.0,25.0,5.0,15.0,700,150,Dinner,0,407
Yellow Rice (1 cup),Grain,230,4.0,50.0,1.0,2.0,1.0,300,0,Dinner,0,408
Chutney (Mango 1 tbsp),Condiment,45,0.1,11.0,0.1,0.5,10.0,180,0,Dinner,0,409
Malva Pudding (1 slice),Dessert,380,5.0,60.0,14.0,2.0,40.0,350,60,Snack,0,410
Custard (1/4 cup),Condiment,80,3.0,10.0,3.0,0.0,8.0,40,40,Snack,0,411
Bubble Tea (16 oz milk tea),Beverage,320,2.0,70.0,4.0,1.0,60.0,100,10,Snack,473,412
Tapioca Pearls (1/4 cup boba),Condiment,100,0.0,25.0,0.0,0.0,20.0,5,0,Snack,0,413
Paella (1.5 cups seafood),Meal/Rice,550,30.0,70.0,18.0,6.0,5.0,1200,110,Dinner,0,414
Chorizo (1 oz in paella),Protein/Meat,130,6.0,1.0,11.0,0.0,0.5,350,30,Dinner,0,415
Saffron (pinch),Condiment,1,0.0,0.1,0.0,0.0,0.0,0,0,Dinner,0,416
Aioli (Garlic 1 tbsp),Condiment,95,0.1,0.5,10.5,0.0,0.1,70,5,Dinner,0,417
Gazpacho (1 cup),Meal/Soup,90,2.0,12.0,4.0,3.0,7.0,600,0,Lunch,240,418
Croutons (Garlic 1/4 cup),Grain,50,1.5,7.0,2.0,0.5,0.5,140,0,Lunch,0,419
Olive Oil (1 tsp garnish),Condiment,40,0.0,0.0,4.5,0.0,0.0,0,0,Lunch,0,420
Churros (2 sticks),Dessert,240,3.0,30.0,12.0,1.5,10.0,200,20,Snack,0,421
Chocolate Sauce (1 tbsp dipping),Condiment,50,0.5,10.0,1.5,1.0,8.0,5,0,Snack,0,422
Cinnamon Sugar (1 tsp),Condiment,20,0.0,5.0,0.0,0.0,5.0,0,0,Snack,0,423
Horchata (1 cup),Beverage,140,2.0,25.0,3.0,1.0,22.0,30,5,Snack,240,424
Ceviche (1 cup fish),Meal/Fish,180,25.0,15.0,2.0,3.0,4.0,700,45,Lunch,0,425
Red Onion (1/4 cup in ceviche),Vegetable,16,0.3,3.7,0.0,0.4,1.8,1,0,Lunch,0,426
Cilantro (2 tbsp garnish),Condiment,1,0.1,0.0,0.0,0.1,0.0,0,0,Lunch,0,427
Corn Nuts (1 oz),Snack/Processed,130,2.0,23.0,4.0,2.0,0.0,180,0,Snack,0,428
Lomo Saltado (1.5 cups),Meal/Meat,500,35.0,45.0,22.0,5.0,6.0,1100,90,Dinner,0,429
French Fries (as side),Vegetable/Processed,200,2.0,25.0,10.0,2.0,0.2,130,0,Dinner,0,430
Soy Sauce (1 tbsp in stir-fry),Condiment,9,1.0,1.0,0.0,0.1,0.4,920,0,Dinner,0,431
Aji Amarillo Paste (1 tsp),Condiment,5,0.1,1.0,0.0,0.5,0.5,50,0,Dinner,0,432
Pisco Sour (1 drink),Beverage,250,1.0,25.0,0.0,0.0,24.0,5,5,Snack,180,433
Egg White (in drink),Condiment,17,3.6,0.2,0.0,0.0,0.2,55,0,Snack,0,434
Angostura Bitters (dash),Condiment,5,0.0,0.0,0.0,0.0,0.0,0,0,Snack,0,435
Alfajores (1 cookie),Dessert,180,2.0,22.0,10.0,1.0,15.0,60,20,Snack,0,436
Dulce de Leche (1 tbsp filling),Condiment,65,1.0,12.0,1.5,0.0,10.0,30,5,Snack,0,437
Coconut (shredded garnish),Fruit,10,0.1,0.5,1.0,0.2,0.1,0,0,Snack,0,438
Mate (1 cup),Beverage,5,0.2,1.0,0.0,0.0,0.0,2,0,Breakfast,240,439
Media Luna (1 pastry),Grain,190,4.0,25.0,8.0,1.0,9.0,150,25,Breakfast,0,440
Chimichurri (1 tbsp),Condiment,45,0.1,0.5,4.5,0.2,0.1,100,0,Dinner,0,441
Skirt Steak (4oz grilled),Protein/Meat,240,26.0,0.0,15.0,0.0,0.0,70,80,Dinner,0,442
Provoleta (1 oz grilled cheese),Dairy,100,7.0,1.0,8.0,0.0,0.5,250,20,Dinner,0,443
Oregano (1 tsp),Condiment,3,0.1,0.7,0.0,0.2,0.0,0,0,Dinner,0,444
Empanada (Beef 1 medium),Meal/Processed,290,10.0,28.0,16.0,3.0,3.0,550,30,Lunch,0,445
Chicken Milanesa (1 serving),Meal/Meat,450,35.0,30.0,22.0,3.0,2.0,700,100,Dinner,0,446
Mashed Potatoes (side),Vegetable,150,3.0,25.0,4.0,2.0,2.0,300,10,Dinner,0,447
Choripan (1 sandwich),Meal/Processed,550,20.0,40.0,35.0,3.0,4.0,1100,80,Lunch,250,448
Baguette (slice),Grain,70,2.5,14.0,0.5,0.6,0.5,150,0,Lunch,0,449
Chimichurri (1 tbsp),Condiment,45,0.1,0.5,4.5,0.2,0.1,100,0,Lunch,0,450
Pizza (Margherita 1 slice),Meal/Processed,250,12.0,30.0,10.0,3.0,4.0,600,25,Dinner,250,451
Fresh Mozzarella (1 oz),Dairy,72,5.0,0.8,5.0,0.0,0.3,138,22,Dinner,0,452
Basil (2 tbsp fresh),Condiment,1,0.1,0.1,0.0,0.1,0.0,0,0,Dinner,0,453
Carbonara (1.5 cups),Meal/Pasta,650,25.0,60.0,35.0,4.0,4.0,900,250,Dinner,0,454
Guanciale (1 oz),Protein/Meat,170,3.0,0.0,18.0,0.0,0.0,450,35,Dinner,0,455
Pecorino Cheese (1 tbsp),Dairy,25,1.5,0.1,2.0,0.0,0.0,110,6,Dinner,0,456
Black Pepper (1/4 tsp),Condiment,1,0.0,0.2,0.0,0.1,0.0,0,0,Dinner,0,457
Egg Yolk (1 large in sauce),Protein,55,2.7,0.6,4.5,0.0,0.3,8,184,Dinner,0,458
Supplì (1 piece fried rice ball),Snack/Processed,200,8.0,25.0,8.0,2.0,2.0,400,25,Snack,0,459
Aperol Spritz (1 drink),Beverage,180,0.0,20.0,0.0,0.0,20.0,10,0,Snack,150,460
Prosecco (3 oz),Beverage,70,0.0,2.0,0.0,0.0,1.5,5,0,Snack,0,461
Club Soda (2 oz),Beverage,0,0.0,0.0,0.0,0.0,0.0,20,0,Snack,0,462
Orange Slice (garnish),Fruit,5,0.1,1.0,0.0,0.2,0.8,0,0,Snack,0,463
Tagliatelle al Ragù (Bolognese),Meal/Pasta,550,28.0,65.0,20.0,7.0,8.0,850,70,Dinner,500,464
Ground Beef (2 oz in sauce),Protein/Meat,140,11.0,0.0,10.0,0.0,0.0,40,35,Dinner,0,465
Pancetta (0.5 oz in sauce),Protein/Meat,45,1.5,0.0,4.5,0.0,0.0,160,10,Dinner,0,466
Carrot (1/4 minced in sauce),Vegetable,10,0.2,2.4,0.1,0.7,1.2,17,0,Dinner,0,467
Celery (1/4 stalk minced),Vegetable,2,0.1,0.4,0.0,0.2,0.2,12,0,Dinner,0,468
Onion (1/8 minced in sauce),Vegetable,5,0.1,1.2,0.0,0.2,0.6,1,0,Dinner,0,469
Crushed Tomatoes (1/2 cup sauce),Vegetable,20,1.0,4.0,0.0,1.5,3.0,200,0,Dinner,0,470
Parmigiano-Reggiano (1 tbsp),Dairy,22,2.0,0.2,1.5,0.0,0.0,95,4,Dinner,0,471
Cannoli (1 medium),Dessert,240,5.0,25.0,13.0,1.0,18.0,100,30,Snack,0,472
Ricotta (filling 1 oz),Dairy,49,3.2,0.8,3.8,0.0,0.1,23,14,Snack,0,473
Pistachio (garnish),Nut,10,0.4,0.5,0.8,0.2,0.1,0,0,Snack,0,474
Biscotti (1 cookie),Dessert,110,2.0,18.0,4.0,1.0,9.0,50,15,Snack,0,475
Espresso (for dipping),Beverage,2,0.2,0.0,0.0,0.0,0.0,1,0,Snack,30,476
Focaccia (1 square),Grain,250,8.0,40.0,7.0,2.0,2.0,500,0,Lunch,0,477
Rosemary (1 tsp topping),Condiment,1,0.0,0.2,0.0,0.1,0.0,0,0,Lunch,0,478
Coarse Salt (garnish),Condiment,0,0.0,0.0,0.0,0.0,0.0,200,0,Lunch,0,479
Olive Oil (1 tbsp drizzle),Condiment,120,0.0,0.0,14.0,0.0,0.0,0,0,Lunch,0,480
Bruschetta (2 pcs),Snack/Appetizer,180,4.0,25.0,7.0,3.0,4.0,350,0,Snack,0,481
Balsamic Glaze (1 tsp),Condiment,13,0.0,3.0,0.0,0.0,2.7,3,0,Snack,0,482
Ribollita (1.5 cups soup),Meal/Soup,350,15.0,55.0,8.0,14.0,10.0,900,5,Dinner,500,483
Cannellini Beans (1/2 cup in soup),Legume,105,7.0,20.0,0.5,6.0,1.0,230,0,Dinner,0,484
Kale (1 cup in soup),Vegetable,33,2.9,6.0,0.6,2.0,1.0,29,0,Dinner,0,485
Stale Bread (1/2 cup in soup),Grain,80,3.0,15.0,1.0,1.0,1.5,160,0,Dinner,0,486
Polenta (1 cup creamy),Meal/Grain,150,3.0,32.0,1.0,3.0,1.0,350,5,Dinner,0,487
Gorgonzola Cheese (1 oz),Dairy,100,6.0,0.7,8.0,0.0,0.1,325,21,Dinner,0,488
Negroni (1 drink),Beverage,190,0.0,15.0,0.0,0.0,15.0,5,0,Snack,90,489
Gin (1 oz),Beverage,70,0.0,0.0,0.0,0.0,0.0,0,0,Snack,0,490
Campari (1 oz),Beverage,80,0.0,10.0,0.0,0.0,10.0,5,0,Snack,0,491
Sweet Vermouth (1 oz),Beverage,40,0.0,5.0,0.0,0.0,5.0,0,0,Snack,0,492
Orange Peel (garnish),Condiment,1,0.0,0.2,0.0,0.1,0.0,0,0,Snack,0,493
Osso Buco (1 serving),Meal/Meat,550,45.0,15.0,30.0,4.0,6.0,900,150,Dinner,0,494
Gremolata (1 tbsp),Condiment,15,0.5,1.0,1.0,0.5,0.5,5,0,Dinner,0,495
Risotto alla Milanese (1 cup),Meal/Rice,350,10.0,50.0,12.0,3.0,3.0,700,30,Dinner,0,496
Saffron (pinch in risotto),Condiment,1,0.0,0.1,0.0,0.0,0.0,0,0,Dinner,0,497
Panettone (1 slice),Dessert,320,6.0,50.0,12.0,3.0,25.0,200,70,Snack,0,498
Candied Fruit (1 tbsp),Fruit,30,0.0,8.0,0.0,0.5,8.0,5,0,Snack,0,499
Amaretti Cookie (2 cookies),Dessert,90,2.0,12.0,4.0,1.0,10.0,10,0,Snack,0,500
Limoncello (1.5 oz shot),Beverage,150,0.0,18.0,0.0,0.0,18.0,0,0,Snack,0,501
Panna Cotta (1 serving),Dessert,300,4.0,25.0,20.0,0.0,22.0,50,70,Snack,0,502
Berry Coulis (1 tbsp),Condiment,20,0.0,5.0,0.0,0.5,4.5,0,0,Snack,0,503
Saltimbocca (1 serving),Meal/Meat,380,38.0,5.0,22.0,0.5,1.0,850,120,Dinner,0,504
Prosciutto (1 slice wrapper),Protein/Meat,35,4.0,0.0,2.5,0.0,0.0,280,10,Dinner,0,505
Sage (2 leaves),Condiment,1,0.0,0.1,0.0,0.1,0.0,0,0,Dinner,0,506
Polenta (grilled 1 slice),Meal/Grain,120,2.5,25.0,1.0,2.0,0.5,300,0,Dinner,0,507
Caponata (1/2 cup),Meal/Vegetable,180,2.0,15.0,14.0,5.0,9.0,400,0,Dinner,0,508
Eggplant (1/2 cup in caponata),Vegetable,40,0.5,6.0,2.0,2.0,3.0,150,0,Dinner,0,509
Pine Nuts (1/2 tbsp),Nut,48,1.0,1.0,5.0,0.2,0.2,0,0,Dinner,0,510
Raisins (1 tbsp),Fruit,27,0.3,7.0,0.0,0.3,6.0,1,0,Dinner,0,511
Gelato (Pistachio 1/2 cup),Dessert,220,5.0,24.0,12.0,2.0,20.0,60,40,Snack,0,512
Waffle Cone (1 small),Grain,70,1.0,13.0,1.5,0.5,7.0,30,5,Snack,0,513
Cacio e Pepe (1.5 cups),Meal/Pasta,500,18.0,65.0,19.0,4.0,3.0,700,50,Dinner,0,514
Pecorino Romano (1/4 cup),Dairy,110,7.5,1.0,8.5,0.0,0.0,450,25,Dinner,0,515
Black Pepper (1/2 tsp),Condiment,3,0.1,0.7,0.0,0.3,0.0,0,0,Dinner,0,516
Fiorentina Steak (3oz portion),Protein/Meat,230,24.0,0.0,15.0,0.0,0.0,60,75,Dinner,0,517
Olive Oil (1 tbsp drizzle),Condiment,120,0.0,0.0,14.0,0.0,0.0,0,0,Dinner,0,518
Rosemary (garnish),Condiment,1,0.0,0.2,0.0,0.1,0.0,0,0,Dinner,0,519
White Beans (Tuscan style 1/2 cup),Legume,150,8.0,20.0,4.0,7.0,2.0,350,0,Dinner,0,520
Garlic (1 clove in beans),Vegetable,4,0.2,0.9,0.0,0.1,0.0,1,0,Dinner,0,521
Sage (in beans),Condiment,1,0.0,0.1,0.0,0.1,0.0,0,0,Dinner,0,522
Arancini (1 large ball),Snack/Processed,250,9.0,30.0,10.0,3.0,3.0,500,30,Snack,0,523
Ragù (filling 1 tbsp),Condiment,25,1.5,1.0,1.5,0.5,0.5,60,5,Snack,0,524
Mozzarella (filling 0.5 oz),Dairy,40,3.0,0.5,3.0,0.0,0.2,75,10,Snack,0,525
Breadcrumbs (coating),Grain,25,0.5,4.0,0.5,0.5,0.5,50,0,Snack,0,526
Campari & Soda (1 drink),Beverage,85,0.0,10.0,0.0,0.0,10.0,25,0,Snack,150,527
Olive (garnish),Fruit,5,0.0,0.1,0.5,0.1,0.0,30,0,Snack,0,528
Vitello Tonnato (1 serving),Meal/Meat,380,35.0,3.0,25.0,0.5,1.0,600,110,Lunch,0,529
Tuna Sauce (2 tbsp),Condiment,100,4.0,1.0,9.0,0.0,0.5,200,15,Lunch,0,530
Capers (garnish),Condiment,2,0.2,0.4,0.1,0.3,0.1,200,0,Lunch,0,531
Lemon Slice (garnish),Condiment,1,0.0,0.3,0.0,0.1,0.1,0,0,Lunch,0,532
Gnocchi alla Sorrentina (1.5 cups),Meal/Pasta,450,15.0,60.0,18.0,6.0,9.0,800,40,Dinner,0,533
Tomato Sauce (1/2 cup),Condiment,40,1.5,7.0,1.0,2.0,4.0,350,0,Dinner,0,534
Mozzarella (1 oz melted),Dairy,80,6.0,1.0,6.0,0.0,0.5,150,20,Dinner,0,535
Basil (fresh garnish),Condiment,1,0.1,0.0,0.0,0.1,0.0,0,0,Dinner,0,536
Pesto (1/4 cup),Condiment,290,5.0,4.0,29.0,2.0,1.0,600,5,Dinner,0,537
Pine Nuts (1 tbsp in pesto),Nut,95,2.0,2.0,10.0,0.5,0.5,0,0,Dinner,0,538
Garlic (1/2 clove in pesto),Vegetable,2,0.1,0.5,0.0,0.0,0.0,0,0,Dinner,0,539
Trofie Pasta (1 cup cooked),Grain,210,7.0,43.0,1.0,2.0,1.0,5,0,Dinner,0,540
Green Beans (1/2 cup w/ pasta),Vegetable,15,0.9,3.5,0.1,1.3,1.6,3,0,Dinner,0,541
Potato (1/2 w/ pasta),Vegetable,65,1.0,15.0,0.1,1.0,0.5,3,0,Dinner,0,542
Espresso Martini (1 drink),Beverage,280,0.5,25.0,0.0,0.0,25.0,5,0,Snack,120,543
Vodka (1.5 oz),Beverage,97,0.0,0.0,0.0,0.0,0.0,0,0,Snack,0,544
Coffee Liqueur (1 oz),Beverage,100,0.0,15.0,0.0,0.0,15.0,2,0,Snack,0,545
Espresso (1 oz in drink),Beverage,3,0.3,0.0,0.1,0.0,0.0,1,0,Snack,0,546
Simple Syrup (1/2 oz),Condiment,30,0.0,8.0,0.0,0.0,8.0,0,0,Snack,0,547
Coffee Beans (3 garnish),Snack,2,0.1,0.3,0.0,0.1,0.0,0,0,Snack,0,548
Baba Ganoush (1/4 cup),Meal/Vegetable,100,2.0,8.0,7.0,4.0,2.0,300,0,Snack,0,549
Pita Bread (1 white),Grain,165,5.5,33.0,1.2,1.5,1.5,310,0,Snack,0,550
Falafel (3 pieces),Meal/Vegetarian,180,6.0,18.0,9.0,4.0,1.0,320,0,Lunch,0,551
Tahini Sauce (1 tbsp),Condiment,30,1.0,1.5,2.5,0.5,0.0,45,0,Lunch,0,552
Pickled Turnips (2 tbsp),Vegetable,10,0.2,2.0,0.0,0.5,1.0,200,0,Lunch,0,553
Shawarma (Chicken 1 wrap),Meal/Processed,550,30.0,50.0,25.0,6.0,5.0,1100,80,Lunch,250,554
Garlic Sauce (1 tbsp),Condiment,90,0.1,1.0,10.0,0.0,0.5,80,5,Lunch,0,555
Hummus (1/4 cup),Legume,130,5.0,10.0,8.0,4.0,1.0,250,0,Lunch,0,556
Tabouli (1/2 cup),Meal/Vegetarian,120,3.0,15.0,6.0,4.0,2.0,300,0,Lunch,0,557
Bulgur (1/4 cup in tabouli),Grain,76,2.7,16.8,0.2,4.1,0.1,4,0,Lunch,0,558
Parsley (1/4 cup in tabouli),Vegetable,5,0.3,1.0,0.1,0.5,0.1,5,0,Lunch,0,559
Mint (1 tbsp in tabouli),Condiment,1,0.1,0.1,0.0,0.1,0.0,0,0,Lunch,0,560
Lemon Juice (1 tbsp dressing),Condiment,4,0.1,1.3,0.0,0.1,0.2,0,0,Lunch,0,561
Olive Oil (1 tbsp dressing),Condiment,120,0.0,0.0,14.0,0.0,0.0,0,0,Lunch,0,562
Kibbeh (1 piece fried),Meal/Meat,230,9.0,20.0,13.0,3.0,1.0,450,30,Snack,0,563
Pine Nuts (1/2 tbsp filling),Nut,48,1.0,1.0,5.0,0.2,0.2,0,0,Snack,0,564
Ground Lamb (1 oz filling),Protein/Meat,80,5.5,0.0,6.0,0.0,0.0,20,20,Snack,0,565
Bulgur (1 tbsp shell),Grain,15,0.5,3.4,0.0,0.8,0.0,1,0,Snack,0,566
Lentil Soup (1 cup Middle Eastern),Meal/Legume,200,10.0,30.0,5.0,10.0,4.0,700,0,Lunch,250,567
Cumin (1 tsp),Condiment,8,0.3,1.5,0.5,0.4,0.1,3,0,Lunch,0,568
Coriander (1 tsp),Condiment,5,0.1,1.0,0.2,0.5,0.0,1,0,Lunch,0,569
Lemon Juice (1 tsp in soup),Condiment,1,0.0,0.4,0.0,0.0,0.1,0,0,Lunch,0,570
Pita Crisps (1 oz),Snack/Processed,130,3.0,18.0,5.0,2.0,1.0,240,0,Lunch,0,571
Manakeesh (Za'atar 1 small),Meal/Vegetarian,300,7.0,45.0,10.0,4.0,2.0,500,0,Breakfast,0,572
Za'atar (1 tbsp),Condiment,40,1.0,3.0,3.0,1.5,0.0,150,0,Breakfast,0,573
Olive Oil (1 tbsp on bread),Condiment,120,0.0,0.0,14.0,0.0,0.0,0,0,Breakfast,0,574
Labneh (2 tbsp),Dairy,60,4.0,2.0,4.0,0.0,2.0,80,15,Breakfast,0,575
Cucumber (1/4 cup side),Vegetable,8,0.3,1.8,0.0,0.2,0.8,1,0,Breakfast,0,576
Tomato (1/4 cup side),Vegetable,8,0.3,1.8,0.1,0.5,1.2,2,0,Breakfast,0,577
Olives (5 side),Fruit,35,0.2,1.0,3.5,0.5,0.0,210,0,Breakfast,0,578
Mint Tea (1 cup),Beverage,2,0.1,0.5,0.0,0.0,0.0,5,0,Breakfast,240,579
Stuffed Grape Leaves (3 pcs),Meal/Vegetarian,150,3.0,20.0,7.0,3.0,3.0,400,0,Snack,0,580
Rice (1/4 cup filling),Grain,51,1.1,11.1,0.1,0.1,0.0,0,0,Snack,0,581
Turkish Coffee (1 small cup),Beverage,5,0.2,0.5,0.0,0.0,0.0,1,0,Snack,60,582
Cardamom (in coffee),Condiment,1,0.0,0.2,0.0,0.1,0.0,0,0,Snack,0,583
Shish Tawook (2 skewers),Meal/Meat,300,35.0,5.0,16.0,1.0,2.0,600,100,Dinner,0,584
Garlic Sauce (Toum 1 tbsp),Condiment,90,0.1,1.0,10.0,0.0,0.5,80,5,Dinner,0,585
French Fries (side),Vegetable/Processed,340,4.0,44.0,17.0,4.0,0.3,230,0,Dinner,0,586
Pickled Cucumber (1/4 cup),Vegetable,10,0.5,2.0,0.0,1.0,1.0,300,0,Dinner,0,587
Fattoush Salad (1.5 cups),Meal/Vegetarian,250,5.0,25.0,15.0,6.0,5.0,500,0,Lunch,0,588
Fried Pita (1/2 pita in salad),Grain,80,2.0,12.0,3.0,1.0,0.5,150,0,Lunch,0,589
Sumac (1/2 tsp dressing),Condiment,5,0.1,1.0,0.2,0.5,0.0,1,0,Lunch,0,590
Pomegranate Molasses (1 tsp),Condiment,15,0.0,4.0,0.0,0.0,4.0,0,0,Lunch,0,591
